Order_Item_ID,Order_ID,Product_ID,Quantity,Unit_Price
1,1,20,2,799
2,2,9,3,1000
3,3,35,1,280
4,4,26,1,599
5,5,2,2,675
6,6,24,3,999
7,7,45,2,130
8,8,9,3,1000
9,9,45,3,130
10,10,31,1,349
11,11,10,3,925
12,12,17,1,799
13,13,2,2,675
14,14,2,2,675
15,15,28,1,999
16,16,42,2,110
17,17,25,1,899
18,18,19,1,450
19,19,36,2,550
20,20,20,2,799
21,21,6,2,515
22,22,48,3,90
23,23,5,2,475
24,24,36,1,550
25,25,22,3,1899
26,26,25,3,899
27,27,49,3,399
28,28,44,2,100
29,29,5,2,475
30,30,35,1,280
31,31,24,3,999
32,32,43,3,99
33,33,26,3,599
34,34,14,3,750
35,35,27,2,999
36,36,16,1,899
37,37,37,1,200
38,38,22,3,1899
39,39,9,3,1000
40,40,2,1,675
41,41,45,3,130
42,42,5,1,475
43,43,8,1,825
44,44,4,1,500
45,45,42,2,110
46,46,24,2,999
47,47,7,1,1099
48,48,1,3,1049
49,49,40,2,1599
50,50,37,3,200
51,51,14,2,750
52,52,32,1,150
53,53,25,2,899
54,54,16,2,899
55,55,38,1,250
56,56,45,3,130
57,57,32,3,150
58,58,23,2,1499
59,59,42,2,110
60,60,34,1,280
61,61,26,2,599
62,62,13,2,1500
63,63,16,2,899
64,64,12,1,1150
65,65,6,3,515
66,66,19,3,450
67,67,14,2,750
68,68,1,2,1049
69,69,7,3,1099
70,70,36,2,550
71,71,42,3,110
72,72,38,1,250
73,73,15,3,2199
74,74,3,2,625
75,75,34,1,280
76,76,42,3,110
77,77,43,3,99
78,78,31,2,349
79,79,6,3,515
80,80,28,2,999
81,81,25,3,899
82,82,3,1,625
83,83,1,2,1049
84,84,28,1,999
85,85,38,2,250
86,86,22,1,1899
87,87,37,1,200
88,88,46,2,100
89,89,38,3,250
90,90,5,1,475
91,91,14,3,750
92,92,29,3,350
93,93,28,2,999
94,94,50,2,349
95,95,8,2,825
96,96,21,3,200
97,97,11,1,900
98,98,46,2,100
99,99,46,1,100
100,100,27,2,999
101,101,31,1,349
102,102,5,3,475
103,103,47,2,79
104,104,38,1,250
105,105,25,2,899
106,106,16,2,899
107,107,33,1,180
108,108,45,2,130
109,109,20,1,799
110,110,16,2,899
111,111,12,3,1150
112,112,34,2,280
113,113,44,3,100
114,114,18,1,850
115,115,38,2,250
116,116,4,1,500
117,117,46,2,100
118,118,36,1,550
119,119,28,3,999
120,120,41,2,600
121,121,9,1,1000
122,122,15,2,2199
123,123,20,1,799
124,124,13,1,1500
125,125,36,3,550
126,126,19,1,450
127,127,39,3,270
128,128,8,1,825
129,129,25,1,899
130,130,28,1,999
131,131,32,3,150
132,132,30,1,400
133,133,45,2,130
134,134,40,2,1599
135,135,43,3,99
136,136,42,3,110
137,137,42,3,110
138,138,22,3,1899
139,139,49,1,399
140,140,42,3,110
141,141,22,1,1899
142,142,42,2,110
143,143,25,3,899
144,144,4,2,500
145,145,42,1,110
146,146,2,1,675
147,147,38,1,250
148,148,4,2,500
149,149,1,2,1049
150,150,25,2,899
151,151,8,3,825
152,152,41,3,600
153,153,50,3,349
154,154,2,1,675
155,155,39,1,270
156,156,15,2,2199
157,157,27,3,999
158,158,39,2,270
159,159,39,3,270
160,160,49,1,399
161,161,38,1,250
162,162,31,1,349
163,163,41,2,600
164,164,9,1,1000
165,165,34,1,280
166,166,26,1,599
167,167,2,3,675
168,168,41,3,600
169,169,33,3,180
170,170,20,3,799
171,171,6,3,515
172,172,3,3,625
173,173,48,2,90
174,174,48,3,90
175,175,28,3,999
176,176,27,1,999
177,177,27,3,999
178,178,25,3,899
179,179,44,3,100
180,180,7,3,1099
181,181,39,1,270
182,182,6,2,515
183,183,40,3,1599
184,184,2,2,675
185,185,5,1,475
186,186,46,3,100
187,187,9,3,1000
188,188,9,3,1000
189,189,2,1,675
190,190,32,3,150
191,191,41,2,600
192,192,45,3,130
193,193,31,1,349
194,194,39,2,270
195,195,14,3,750
196,196,23,1,1499
197,197,41,3,600
198,198,31,1,349
199,199,7,3,1099
200,200,21,2,200
201,201,27,3,999
202,202,11,1,900
203,203,44,1,100
204,204,41,2,600
205,205,22,2,1899
206,206,9,1,1000
207,207,18,3,850
208,208,42,2,110
209,209,6,3,515
210,210,49,3,399
211,211,40,1,1599
212,212,28,2,999
213,213,47,1,79
214,214,15,2,2199
215,215,14,2,750
216,216,29,1,350
217,217,33,2,180
218,218,9,2,1000
219,219,24,2,999
220,220,10,1,925
221,221,22,1,1899
222,222,48,2,90
223,223,26,3,599
224,224,25,1,899
225,225,32,1,150
226,226,6,2,515
227,227,41,1,600
228,228,48,2,90
229,229,24,3,999
230,230,30,1,400
231,231,10,1,925
232,232,19,2,450
233,233,46,1,100
234,234,3,3,625
235,235,24,1,999
236,236,16,1,899
237,237,42,1,110
238,238,18,3,850
239,239,47,1,79
240,240,50,1,349
241,241,50,3,349
242,242,34,2,280
243,243,42,2,110
244,244,30,3,400
245,245,25,1,899
246,246,40,3,1599
247,247,15,3,2199
248,248,36,1,550
249,249,40,3,1599
250,250,36,2,550
251,251,45,3,130
252,252,43,1,99
253,253,7,2,1099
254,254,47,3,79
255,255,17,3,799
256,256,19,3,450
257,257,19,2,450
258,258,13,3,1500
259,259,47,2,79
260,260,37,2,200
261,261,37,3,200
262,262,47,1,79
263,263,10,2,925
264,264,45,3,130
265,265,41,3,600
266,266,25,2,899
267,267,47,3,79
268,268,8,2,825
269,269,26,2,599
270,270,28,2,999
271,271,24,3,999
272,272,36,1,550
273,273,5,2,475
274,274,1,2,1049
275,275,35,1,280
276,276,44,2,100
277,277,25,2,899
278,278,13,3,1500
279,279,4,2,500
280,280,20,1,799
281,281,24,2,999
282,282,32,3,150
283,283,16,1,899
284,284,15,2,2199
285,285,43,3,99
286,286,46,1,100
287,287,43,2,99
288,288,27,1,999
289,289,50,2,349
290,290,42,1,110
291,291,42,3,110
292,292,9,2,1000
293,293,12,3,1150
294,294,49,3,399
295,295,46,3,100
296,296,7,3,1099
297,297,47,1,79
298,298,3,1,625
299,299,28,2,999
300,300,1,3,1049
301,301,34,3,280
302,302,47,3,79
303,303,38,3,250
304,304,5,1,475
305,305,24,2,999
306,306,14,3,750
307,307,31,2,349
308,308,8,3,825
309,309,39,2,270
310,310,17,3,799
311,311,20,1,799
312,312,3,1,625
313,313,36,3,550
314,314,40,2,1599
315,315,7,3,1099
316,316,7,2,1099
317,317,7,2,1099
318,318,27,2,999
319,319,7,2,1099
320,320,17,2,799
321,321,49,2,399
322,322,11,2,900
323,323,34,1,280
324,324,36,2,550
325,325,16,3,899
326,326,12,2,1150
327,327,42,1,110
328,328,15,1,2199
329,329,49,2,399
330,330,45,3,130
331,331,37,2,200
332,332,26,1,599
333,333,44,1,100
334,334,12,2,1150
335,335,33,2,180
336,336,26,2,599
337,337,13,1,1500
338,338,20,2,799
339,339,40,1,1599
340,340,18,3,850
341,341,10,2,925
342,342,1,3,1049
343,343,30,3,400
344,344,32,1,150
345,345,49,3,399
346,346,37,1,200
347,347,5,3,475
348,348,29,3,350
349,349,2,2,675
350,350,11,2,900
351,351,29,1,350
352,352,26,3,599
353,353,3,2,625
354,354,24,3,999
355,355,4,3,500
356,356,50,3,349
357,357,11,1,900
358,358,43,2,99
359,359,28,3,999
360,360,30,3,400
361,361,5,3,475
362,362,48,2,90
363,363,5,2,475
364,364,22,3,1899
365,365,46,3,100
366,366,10,1,925
367,367,1,2,1049
368,368,46,3,100
369,369,32,1,150
370,370,6,2,515
371,371,48,3,90
372,372,35,2,280
373,373,50,2,349
374,374,15,2,2199
375,375,5,3,475
376,376,37,1,200
377,377,44,3,100
378,378,41,2,600
379,379,24,1,999
380,380,27,3,999
381,381,3,3,625
382,382,39,3,270
383,383,40,3,1599
384,384,28,3,999
385,385,27,2,999
386,386,30,3,400
387,387,42,2,110
388,388,9,2,1000
389,389,32,1,150
390,390,20,3,799
391,391,10,3,925
392,392,34,2,280
393,393,40,1,1599
394,394,8,2,825
395,395,36,2,550
396,396,2,3,675
397,397,42,1,110
398,398,24,3,999
399,399,39,1,270
400,400,7,2,1099
401,401,18,2,850
402,402,15,3,2199
403,403,14,1,750
404,404,10,1,925
405,405,24,2,999
406,406,2,2,675
407,407,49,3,399
408,408,12,3,1150
409,409,3,2,625
410,410,34,2,280
411,411,29,3,350
412,412,19,2,450
413,413,20,3,799
414,414,21,2,200
415,415,43,2,99
416,416,7,3,1099
417,417,36,3,550
418,418,46,2,100
419,419,1,3,1049
420,420,30,1,400
421,421,20,3,799
422,422,40,3,1599
423,423,16,2,899
424,424,16,2,899
425,425,48,2,90
426,426,49,1,399
427,427,40,3,1599
428,428,44,3,100
429,429,16,2,899
430,430,31,3,349
431,431,14,3,750
432,432,37,2,200
433,433,11,3,900
434,434,23,3,1499
435,435,24,3,999
436,436,23,2,1499
437,437,43,2,99
438,438,3,3,625
439,439,49,1,399
440,440,50,2,349
441,441,20,3,799
442,442,39,3,270
443,443,20,3,799
444,444,27,3,999
445,445,19,3,450
446,446,44,3,100
447,447,39,3,270
448,448,6,3,515
449,449,31,1,349
450,450,44,1,100
451,451,6,1,515
452,452,31,1,349
453,453,32,1,150
454,454,30,3,400
455,455,41,3,600
456,456,13,1,1500
457,457,2,2,675
458,458,6,1,515
459,459,17,1,799
460,460,31,2,349
461,461,12,2,1150
462,462,20,1,799
463,463,45,3,130
464,464,42,3,110
465,465,49,1,399
466,466,34,2,280
467,467,10,3,925
468,468,29,1,350
469,469,21,1,200
470,470,25,2,899
471,471,26,3,599
472,472,46,2,100
473,473,22,1,1899
474,474,20,1,799
475,475,27,3,999
476,476,33,2,180
477,477,7,3,1099
478,478,44,3,100
479,479,11,2,900
480,480,24,1,999
481,481,1,2,1049
482,482,48,1,90
483,483,28,1,999
484,484,33,3,180
485,485,45,3,130
486,486,24,2,999
487,487,15,2,2199
488,488,16,1,899
489,489,40,2,1599
490,490,33,3,180
491,491,16,2,899
492,492,10,1,925
493,493,25,3,899
494,494,20,3,799
495,495,40,3,1599
496,496,20,1,799
497,497,24,1,999
498,498,31,2,349
499,499,33,3,180
500,500,21,3,200
501,153,44,1,100
502,177,26,1,599
503,66,12,3,1150
504,233,6,3,515
505,484,50,1,349
506,481,36,3,550
507,164,20,1,799
508,206,43,2,99
509,187,31,1,349
510,96,39,3,270
511,48,22,1,1899
512,165,37,2,200
513,297,33,1,180
514,184,44,2,100
515,24,28,3,999
516,468,30,1,400
517,4,38,1,250
518,291,49,3,399
519,134,29,1,350
520,257,41,2,600
521,314,48,3,90
522,24,15,1,2199
523,431,50,1,349
524,84,13,3,1500
525,61,6,3,515
526,334,37,1,200
527,153,9,3,1000
528,422,29,3,350
529,282,49,2,399
530,264,47,2,79
531,394,23,1,1499
532,496,4,3,500
533,168,5,3,475
534,421,2,3,675
535,211,30,1,400
536,276,25,1,899
537,458,11,1,900
538,353,14,3,750
539,164,35,2,280
540,29,12,2,1150
541,129,36,3,550
542,449,26,1,599
543,381,30,3,400
544,293,21,2,200
545,178,36,3,550
546,461,4,3,500
547,70,48,2,90
548,209,21,3,200
549,47,28,2,999
550,193,25,3,899
551,311,25,1,899
552,126,10,3,925
553,476,13,1,1500
554,407,41,2,600
555,37,20,1,799
556,55,43,3,99
557,97,27,3,999
558,487,12,3,1150
559,320,24,3,999
560,485,28,1,999
561,111,39,2,270
562,447,41,2,600
563,443,41,3,600
564,317,29,2,350
565,183,45,2,130
566,373,49,2,399
567,203,41,1,600
568,130,26,2,599
569,496,30,3,400
570,463,29,3,350
571,72,1,3,1049
572,253,37,1,200
573,29,40,1,1599
574,383,41,2,600
575,55,5,2,475
576,117,50,3,349
577,123,30,3,400
578,257,23,1,1499
579,60,31,1,349
580,164,49,3,399
581,387,20,3,799
582,175,26,2,599
583,94,45,3,130
584,87,46,1,100
585,241,41,1,600
586,259,44,3,100
587,350,10,2,925
588,44,15,3,2199
589,147,10,1,925
590,417,31,3,349
591,34,1,1,1049
592,9,15,3,2199
593,139,5,3,475
594,89,40,1,1599
595,301,43,2,99
596,300,45,1,130
597,281,12,1,1150
598,424,26,2,599
599,248,46,3,100
600,408,8,1,825
601,15,24,3,999
602,38,49,3,399
603,216,43,3,99
604,144,6,3,515
605,173,19,2,450
606,153,29,3,350
607,8,21,1,200
608,229,42,2,110
609,49,42,1,110
610,157,13,1,1500
611,184,43,2,99
612,388,9,1,1000
613,494,22,1,1899
614,337,6,2,515
615,302,46,1,100
616,142,28,3,999
617,420,33,3,180
618,269,6,3,515
619,246,38,3,250
620,469,18,3,850
621,446,19,2,450
622,115,6,2,515
623,277,45,3,130
624,161,48,1,90
625,118,6,2,515
626,342,48,1,90
627,45,13,3,1500
628,192,9,3,1000
629,266,31,2,349
630,161,42,1,110
631,19,15,2,2199
632,150,11,3,900
633,41,37,1,200
634,290,46,1,100
635,204,40,2,1599
636,267,14,2,750
637,75,2,3,675
638,455,29,2,350
639,13,1,1,1049
640,341,33,1,180
641,500,19,1,450
642,389,19,1,450
643,346,11,3,900
644,392,12,1,1150
645,211,21,2,200
646,422,37,1,200
647,224,28,2,999
648,167,11,1,900
649,345,25,3,899
650,124,17,2,799
651,261,23,3,1499
652,185,35,3,280
653,376,16,3,899
654,347,16,2,899
655,383,1,3,1049
656,311,8,2,825
657,99,23,1,1499
658,405,4,3,500
659,363,9,1,1000
660,480,8,3,825
661,491,35,2,280
662,36,42,2,110
663,189,15,1,2199
664,5,38,3,250
665,62,34,2,280
666,220,10,1,925
667,213,45,2,130
668,50,38,1,250
669,339,36,2,550
670,377,21,1,200
671,246,28,2,999
672,238,48,2,90
673,21,6,2,515
674,408,38,1,250
675,493,22,3,1899
676,490,19,1,450
677,142,20,2,799
678,35,5,1,475
679,202,24,3,999
680,154,8,3,825
681,278,39,1,270
682,371,3,1,625
683,447,12,2,1150
684,110,23,2,1499
685,386,24,2,999
686,164,6,1,515
687,162,23,3,1499
688,52,39,2,270
689,375,32,3,150
690,169,21,3,200
691,444,13,1,1500
692,300,1,1,1049
693,316,10,1,925
694,148,21,3,200
695,79,5,2,475
696,20,48,1,90
697,499,11,2,900
698,48,37,1,200
699,413,22,2,1899
700,467,29,2,350
701,150,2,1,675
702,469,33,3,180
703,464,22,3,1899
704,355,47,1,79
705,168,25,1,899
706,109,4,2,500
707,56,36,1,550
708,270,33,3,180
709,175,39,3,270
710,498,27,2,999
711,357,47,2,79
712,63,35,2,280
713,446,49,1,399
714,416,15,2,2199
715,350,21,2,200
716,479,16,3,899
717,47,6,1,515
718,39,5,2,475
719,146,2,2,675
720,340,42,3,110
721,47,5,2,475
722,493,20,1,799
723,487,7,3,1099
724,461,10,2,925
725,194,1,2,1049
726,162,36,2,550
727,439,44,2,100
728,68,2,1,675
729,305,16,3,899
730,269,22,2,1899
731,7,40,1,1599
732,356,15,2,2199
733,382,7,3,1099
734,438,16,1,899
735,316,21,1,200
736,485,28,1,999
737,134,33,1,180
738,166,42,3,110
739,36,13,2,1500
740,182,3,3,625
741,126,29,2,350
742,331,21,2,200
743,419,8,1,825
744,315,16,1,899
745,208,9,2,1000
746,138,30,1,400
747,122,38,2,250
748,217,24,3,999
749,227,12,2,1150
750,118,6,3,515
751,460,13,2,1500
752,259,38,3,250
753,214,8,2,825
754,102,40,2,1599
755,339,1,3,1049
756,113,37,1,200
757,372,33,2,180
758,349,39,2,270
759,350,15,2,2199
760,391,29,2,350
761,185,31,1,349
762,330,15,1,2199
763,400,35,1,280
764,353,10,1,925
765,345,30,2,400
766,468,24,1,999
767,277,33,1,180
768,102,40,2,1599
769,5,25,3,899
770,487,20,3,799
771,194,49,3,399
772,265,39,3,270
773,11,49,2,399
774,347,48,2,90
775,200,43,3,99
776,394,3,2,625
777,332,43,3,99
778,131,14,1,750
779,246,41,2,600
780,439,12,1,1150
781,390,24,3,999
782,109,49,2,399
783,320,12,1,1150
784,414,40,1,1599
785,292,26,3,599
786,112,2,1,675
787,259,25,3,899
788,18,38,3,250
789,232,44,3,100
790,249,22,3,1899
791,250,3,3,625
792,277,49,3,399
793,450,21,3,200
794,440,42,1,110
795,494,32,2,150
796,458,48,3,90
797,143,27,2,999
798,167,13,1,1500
799,207,46,1,100
800,320,15,2,2199
801,139,17,3,799
802,307,31,1,349
803,382,25,1,899
804,485,49,3,399
805,438,49,2,399
806,383,7,2,1099
807,179,50,2,349
808,89,6,1,515
809,411,44,3,100
810,74,49,2,399
811,395,22,2,1899
812,77,27,3,999
813,27,32,3,150
814,289,33,1,180
815,150,10,2,925
816,446,35,2,280
817,457,36,1,550
818,178,37,2,200
819,304,40,1,1599
820,463,6,1,515
821,241,28,1,999
822,460,21,3,200
823,90,43,3,99
824,354,14,1,750
825,485,38,3,250
826,498,39,1,270
827,103,27,1,999
828,224,16,1,899
829,164,10,2,925
830,139,50,2,349
831,36,1,1,1049
832,468,9,1,1000
833,168,26,1,599
834,395,21,2,200
835,490,20,3,799
836,208,25,1,899
837,131,30,2,400
838,154,49,1,399
839,222,39,3,270
840,347,41,2,600
841,398,44,1,100
842,225,24,1,999
843,413,30,3,400
844,129,50,1,349
845,203,4,1,500
846,136,23,2,1499
847,336,2,1,675
848,172,33,3,180
849,208,9,3,1000
850,269,33,1,180
851,339,2,2,675
852,292,21,3,200
853,38,40,3,1599
854,55,34,3,280
855,109,27,2,999
856,12,4,3,500
857,350,49,1,399
858,147,45,2,130
859,1,35,3,280
860,64,11,1,900
861,195,31,1,349
862,177,33,1,180
863,71,29,3,350
864,293,2,3,675
865,132,23,1,1499
866,393,41,3,600
867,19,39,1,270
868,293,2,3,675
869,69,48,3,90
870,224,3,1,625
871,419,3,1,625
872,265,34,1,280
873,264,39,1,270
874,32,30,2,400
875,419,25,3,899
876,36,46,2,100
877,237,34,3,280
878,89,34,1,280
879,92,4,1,500
880,354,27,3,999
881,62,6,3,515
882,66,34,2,280
883,179,46,1,100
884,59,14,3,750
885,139,20,3,799
886,118,4,2,500
887,239,27,2,999
888,453,45,1,130
889,1,14,2,750
890,454,11,2,900
891,87,2,3,675
892,195,1,1,1049
893,160,27,1,999
894,84,26,1,599
895,431,49,3,399
896,293,17,1,799
897,230,42,2,110
898,277,9,1,1000
899,287,46,1,100
900,309,23,1,1499
901,264,45,2,130
902,115,13,1,1500
903,50,35,1,280
904,193,40,3,1599
905,289,27,3,999
906,385,31,1,349
907,41,42,3,110
908,183,44,3,100
909,497,44,1,100
910,430,18,2,850
911,458,13,3,1500
912,88,15,1,2199
913,371,3,3,625
914,484,9,2,1000
915,348,30,3,400
916,311,38,2,250
917,270,23,3,1499
918,412,11,3,900
919,132,22,1,1899
920,362,29,2,350
921,139,33,1,180
922,220,16,3,899
923,181,23,2,1499
924,200,6,3,515
925,483,32,3,150
926,124,8,3,825
927,108,27,1,999
928,166,50,3,349
929,202,7,1,1099
930,442,29,2,350
931,246,18,1,850
932,386,23,3,1499
933,149,37,3,200
934,28,33,2,180
935,175,27,1,999
936,475,26,2,599
937,466,13,3,1500
938,475,33,2,180
939,270,20,1,799
940,21,13,2,1500
941,336,48,3,90
942,293,17,1,799
943,421,23,1,1499
944,319,37,2,200
945,260,19,2,450
946,327,31,1,349
947,465,39,1,270
948,499,5,2,475
949,328,13,3,1500
950,168,28,3,999
951,312,50,1,349
952,205,8,2,825
953,187,7,2,1099
954,403,7,1,1099
955,438,28,2,999
956,214,32,3,150
957,78,50,2,349
958,85,27,3,999
959,148,3,1,625
960,391,6,2,515
961,328,19,2,450
962,414,29,3,350
963,436,5,2,475
964,175,16,3,899
965,101,14,2,750
966,201,47,2,79
967,352,14,3,750
968,302,13,1,1500
969,41,24,1,999
970,292,30,3,400
971,439,43,2,99
972,320,11,2,900
973,133,37,2,200
974,295,29,3,350
975,165,5,3,475
976,485,18,2,850
977,202,10,2,925
978,53,21,2,200
979,260,6,2,515
980,1,34,1,280
981,458,21,2,200
982,497,41,2,600
983,453,10,3,925
984,148,39,2,270
985,380,9,1,1000
986,178,35,1,280
987,399,30,3,400
988,236,29,1,350
989,462,40,2,1599
990,479,25,1,899
991,462,25,3,899
992,433,8,2,825
993,65,1,2,1049
994,188,8,1,825
995,60,5,2,475
996,450,6,2,515
997,86,1,3,1049
998,378,37,3,200
999,475,40,2,1599
1000,206,36,3,550
